cultivar,alcohol,malicacid,ash,alcalinity_of_ash,magnesium,total_phenols,flavanoids,nonflavanoid_phenols,proanthocyanins,color_intensity,hue,X0D280_0D315_ratio,proline
1.9382022471910112,13.00061797752809,2.3363483146067416,2.366516853932584,19.49494382022472,99.74157303370787,2.295112359550562,2.0292696629213482,0.3618539325842697,1.5908988764044945,5.058089882022472,0.9574494382022471,2.6116853932584267,746.8932584269663
0.7750349899850563,0.8118265380058575,1.1171460976144627,0.27434400906081485,3.339563767173505,14.282483515295665,0.6258510488339892,0.9988586850169467,0.12445334029667937,0.5723588626747613,2.318285871822413,0.2285715658298234,0.7099904287650504,314.9074742768491
