alcohol,malicacid,ash,alcalinity_of_ash,magnesium,total_phenols,flavanoids,nonflavanoid_phenols,proanthocyanins,color_intensity,hue,X0D280_0D315_ratio,proline
11.03,0.74,1.36,10.6,70,0.98,0.34,0.13,0.41,1.28,0.48,1.27,278
14.83,5.8,3.23,30,162,3.88,5.08,0.66,3.58,13,1.71,4,1680
13.00061797752809,2.3363483146067416,2.366516853932584,19.494943820224723,99.74157303370785,2.295112359550562,2.0292696629213482,0.3618539325842697,1.5908988764044942,5.058089882022472,0.9574494382022473,2.6116853932584267,746.8932584269661
0.8118265380058574,1.117146097614463,0.27434400906081485,3.339563767173505,14.28248351529567,0.6258510488339891,0.9988586850169473,0.12445334029667939,0.5723588626747614,2.318285871822413,0.22857156582982344,0.7099904287650509,314.90747427684903
